menu_id,name_ko,name_en,category,subcategory,base_menu_id,price_krw,size,kcal,is_set,is_burger,is_side,is_drink,is_dessert,is_beef,is_chicken,is_pork,is_fish,is_spicy,is_vegan,is_vegetarian,is_cold_drink,is_carbonated,is_sugar_free,is_caffeine,is_popular,is_limited,combo_allowed,tags,display_order,ingredients_ko,customizable_ko,ingredients_en,protein_g,fat_g,saturated_fat_g,carbs_g,sugars_g,sodium_mg,allergens_ko,allergens_en,allergen_wheat,allergen_egg,allergen_milk,allergen_soy,allergen_peanut,allergen_nut,allergen_fish,allergen_shellfish,allergen_pork,allergen_beef,allergen_shrimp,nutrition_summary_ko,allergy_warning_ko
B001,스테디 와퍼,Steady Whopper,BURGER,PREMIUM_BURGER,,6900,REGULAR,720,False,True,False,False,False,True,False,False,False,True,False,False,False,False,False,False,True,False,True,"스테디 와퍼,버거",10,"참깨빵, 양상추, 양파, 피클, 소고기 패티, 케첩, 마요네즈","피클, 양파, 소스, 치즈, 베이컨","sesame bun, lettuce, onion, pickle, beef patty, ketchup, mayonnaise",39.6,30.4,10.1,72.0,21.6,720.0,"계란, 대두, 밀, 소고기","beef, egg, soy, wheat",True,True,False,True,False,False,False,False,False,True,False,"1회 제공량 기준 약 720kcal, 단백질 39.6g, 지방 30.4g, 탄수화물 72.0g, 당류 21.6g, 나트륨 720.0mg 정도의 영양 정보를 가지고 있습니다.","이 메뉴는 계란, 대두, 밀, 소고기를(을) 함유하고 있어 알레르기가 있는 고객은 섭취에 주의가 필요합니다."
B002,불고기 클래식 버거,Bulgogi Classic Burger,BURGER,CLASSIC_BURGER,,5200,REGULAR,560,False,True,False,False,False,True,False,False,False,False,False,False,False,False,False,False,True,False,True,"불고기 클래식 버거,버거",20,"참깨빵, 양상추, 양파, 피클, 소고기 패티, 케첩, 마요네즈","피클, 양파, 소스, 치즈, 베이컨","sesame bun, lettuce, onion, pickle, beef patty, ketchup, mayonnaise",30.8,23.6,7.9,56.0,16.8,560.0,"계란, 대두, 밀, 소고기","beef, egg, soy, wheat",True,True,False,True,False,False,False,False,False,True,False,"1회 제공량 기준 약 560kcal, 단백질 30.8g, 지방 23.6g, 탄수화물 56.0g, 당류 16.8g, 나트륨 560.0mg 정도의 영양 정보를 가지고 있습니다.","이 메뉴는 계란, 대두, 밀, 소고기를(을) 함유하고 있어 알레르기가 있는 고객은 섭취에 주의가 필요합니다."
B003,더블 치즈버거,Double Cheeseburger,BURGER,CLASSIC_BURGER,,5900,REGULAR,610,False,True,False,False,False,True,False,False,False,False,False,False,False,False,False,False,True,False,True,"더블 치즈버거,버거",30,"참깨빵, 양상추, 양파, 피클, 소고기 패티, 슬라이스 치즈, 케첩, 마요네즈","피클, 양파, 소스, 치즈, 베이컨","sesame bun, lettuce, onion, pickle, beef patty, slice cheese, ketchup, mayonnaise",33.5,25.8,8.6,61.0,18.3,610.0,"계란, 대두, 밀, 소고기, 우유","beef, egg, milk, soy, wheat",True,True,True,True,False,False,False,False,False,True,False,"1회 제공량 기준 약 610kcal, 단백질 33.5g, 지방 25.8g, 탄수화물 61.0g, 당류 18.3g, 나트륨 610.0mg 정도의 영양 정보를 가지고 있습니다.","이 메뉴는 계란, 대두, 밀, 소고기, 우유를(을) 함유하고 있어 알레르기가 있는 고객은 섭취에 주의가 필요합니다."
B004,크리스피 치킨버거,Crispy Chicken Burger,BURGER,CHICKEN_BURGER,,5800,REGULAR,640,False,True,False,False,False,False,True,False,False,False,False,False,False,False,False,False,True,False,True,"크리스피 치킨버거,버거",40,"참깨빵, 양상추, 양파, 피클, 치킨 패티, 케첩, 마요네즈","피클, 양파, 소스, 치즈, 베이컨","sesame bun, lettuce, onion, pickle, chicken patty, ketchup, mayonnaise",35.2,27.0,9.0,64.0,19.2,640.0,"계란, 닭고기, 대두, 밀","chicken, egg, soy, wheat",True,True,False,True,False,False,False,False,False,False,False,"1회 제공량 기준 약 640kcal, 단백질 35.2g, 지방 27.0g, 탄수화물 64.0g, 당류 19.2g, 나트륨 640.0mg 정도의 영양 정보를 가지고 있습니다.","이 메뉴는 계란, 닭고기, 대두, 밀를(을) 함유하고 있어 알레르기가 있는 고객은 섭취에 주의가 필요합니다."
B005,피쉬 타르타르 버거,Fish Tartar Burger,BURGER,FISH_BURGER,,5500,REGULAR,520,False,True,False,False,False,False,False,False,True,False,False,False,False,False,False,False,True,False,True,"피쉬 타르타르 버거,버거",50,"참깨빵, 양상추, 양파, 피클, 생선 패티, 케첩, 마요네즈","피클, 양파, 소스, 치즈, 베이컨","sesame bun, lettuce, onion, pickle, fish patty, ketchup, mayonnaise",28.6,22.0,7.3,52.0,15.6,520.0,"계란, 대두, 밀, 생선","egg, fish, soy, wheat",True,True,False,True,False,False,True,False,False,False,False,"1회 제공량 기준 약 520kcal, 단백질 28.6g, 지방 22.0g, 탄수화물 52.0g, 당류 15.6g, 나트륨 520.0mg 정도의 영양 정보를 가지고 있습니다.","이 메뉴는 계란, 대두, 밀, 생선를(을) 함유하고 있어 알레르기가 있는 고객은 섭취에 주의가 필요합니다."
B006,그릴드 베지 버거,Grilled Veggie Burger,BURGER,VEGGIE_BURGER,,5800,REGULAR,480,False,True,False,False,False,False,False,False,False,False,False,True,False,False,False,False,True,False,True,"그릴드 베지 버거,버거",60,"참깨빵, 양상추, 양파, 피클, 베지 패티, 케첩, 마요네즈","피클, 양파, 소스, 치즈, 베이컨","sesame bun, lettuce, onion, pickle, veggie patty, ketchup, mayonnaise",26.4,20.3,6.8,48.0,14.4,480.0,"계란, 대두, 밀","egg, soy, wheat",True,True,False,True,False,False,False,False,False,False,False,"1회 제공량 기준 약 480kcal, 단백질 26.4g, 지방 20.3g, 탄수화물 48.0g, 당류 14.4g, 나트륨 480.0mg 정도의 영양 정보를 가지고 있습니다.","이 메뉴는 계란, 대두, 밀를(을) 함유하고 있어 알레르기가 있는 고객은 섭취에 주의가 필요합니다."
B007,스모키 베이컨 버거,Smoky Bacon Burger,BURGER,PREMIUM_BURGER,,7500,REGULAR,820,False,True,False,False,False,True,False,False,False,False,False,False,False,False,False,False,True,False,True,"스모키 베이컨 버거,버거",70,"참깨빵, 양상추, 양파, 피클, 소고기 패티, 베이컨, 케첩, 마요네즈","피클, 양파, 소스, 치즈, 베이컨","sesame bun, lettuce, onion, pickle, beef patty, bacon, ketchup, mayonnaise",45.1,34.6,11.5,82.0,24.6,820.0,"계란, 대두, 밀, 소고기","beef, egg, soy, wheat",True,True,False,True,False,False,False,False,False,True,False,"1회 제공량 기준 약 820kcal, 단백질 45.1g, 지방 34.6g, 탄수화물 82.0g, 당류 24.6g, 나트륨 820.0mg 정도의 영양 정보를 가지고 있습니다.","이 메뉴는 계란, 대두, 밀, 소고기를(을) 함유하고 있어 알레르기가 있는 고객은 섭취에 주의가 필요합니다."
B008,머쉬룸 크림 버거,Mushroom Cream Burger,BURGER,PREMIUM_BURGER,,7300,REGULAR,780,False,True,False,False,False,True,False,False,False,False,False,False,False,False,False,False,True,False,True,"머쉬룸 크림 버거,버거",80,"참깨빵, 양상추, 양파, 피클, 소고기 패티, 버섯, 케첩, 마요네즈","피클, 양파, 소스, 치즈, 베이컨","sesame bun, lettuce, onion, pickle, beef patty, mushroom, ketchup, mayonnaise",42.9,32.9,11.0,78.0,23.4,780.0,"계란, 대두, 밀, 소고기","beef, egg, soy, wheat",True,True,False,True,False,False,False,False,False,True,False,"1회 제공량 기준 약 780kcal, 단백질 42.9g, 지방 32.9g, 탄수화물 78.0g, 당류 23.4g, 나트륨 780.0mg 정도의 영양 정보를 가지고 있습니다.","이 메뉴는 계란, 대두, 밀, 소고기를(을) 함유하고 있어 알레르기가 있는 고객은 섭취에 주의가 필요합니다."
B009,갈릭 스테이크 버거,Garlic Steak Burger,BURGER,PREMIUM_BURGER,,8300,REGULAR,880,False,True,False,False,False,True,False,False,False,False,False,False,False,False,False,False,True,False,True,"갈릭 스테이크 버거,버거",90,"참깨빵, 양상추, 양파, 피클, 소고기 패티, 스테이크 패티, 케첩, 마요네즈","피클, 양파, 소스, 치즈, 베이컨","sesame bun, lettuce, onion, pickle, beef patty, steak patty, ketchup, mayonnaise",48.4,37.2,12.4,88.0,26.4,880.0,"계란, 대두, 밀, 소고기","beef, egg, soy, wheat",True,True,False,True,False,False,False,False,False,True,False,"1회 제공량 기준 약 880kcal, 단백질 48.4g, 지방 37.2g, 탄수화물 88.0g, 당류 26.4g, 나트륨 880.0mg 정도의 영양 정보를 가지고 있습니다.","이 메뉴는 계란, 대두, 밀, 소고기를(을) 함유하고 있어 알레르기가 있는 고객은 섭취에 주의가 필요합니다."
B010,트리플 치즈 버거,Triple Cheese Burger,BURGER,PREMIUM_BURGER,,8100,REGULAR,860,False,True,False,False,False,True,False,False,False,False,False,False,False,False,False,False,True,False,True,"트리플 치즈 버거,버거",100,"참깨빵, 양상추, 양파, 피클, 소고기 패티, 슬라이스 치즈, 케첩, 마요네즈","피클, 양파, 소스, 치즈, 베이컨","sesame bun, lettuce, onion, pickle, beef patty, slice cheese, ketchup, mayonnaise",47.3,36.3,12.1,86.0,25.8,860.0,"계란, 대두, 밀, 소고기, 우유","beef, egg, milk, soy, wheat",True,True,True,True,False,False,False,False,False,True,False,"1회 제공량 기준 약 860kcal, 단백질 47.3g, 지방 36.3g, 탄수화물 86.0g, 당류 25.8g, 나트륨 860.0mg 정도의 영양 정보를 가지고 있습니다.","이 메뉴는 계란, 대두, 밀, 소고기, 우유를(을) 함유하고 있어 알레르기가 있는 고객은 섭취에 주의가 필요합니다."
B101,클래식 라이트 버거,Classic Light Burger,BURGER,VALUE_BURGER,,4100,REGULAR,485,False,True,False,False,False,True,False,False,False,False,False,False,False,False,False,False,False,False,True,"가성비,클래식 라이트 버거",151,"참깨빵, 양상추, 양파, 피클, 소고기 패티, 케첩, 마요네즈","피클, 양파, 소스, 치즈, 베이컨","sesame bun, lettuce, onion, pickle, beef patty, ketchup, mayonnaise",26.7,20.5,6.8,48.5,14.5,485.0,"계란, 대두, 밀, 소고기","beef, egg, soy, wheat",True,True,False,True,False,False,False,False,False,True,False,"1회 제공량 기준 약 485kcal, 단백질 26.7g, 지방 20.5g, 탄수화물 48.5g, 당류 14.5g, 나트륨 485.0mg 정도의 영양 정보를 가지고 있습니다.","이 메뉴는 계란, 대두, 밀, 소고기를(을) 함유하고 있어 알레르기가 있는 고객은 섭취에 주의가 필요합니다."
B102,싱글 치즈버거,Single Cheeseburger,BURGER,VALUE_BURGER,,4300,REGULAR,500,False,True,False,False,False,True,False,False,False,False,False,False,False,False,False,False,False,False,True,"가성비,싱글 치즈버거",152,"참깨빵, 양상추, 양파, 피클, 소고기 패티, 슬라이스 치즈, 케첩, 마요네즈","피클, 양파, 소스, 치즈, 베이컨","sesame bun, lettuce, onion, pickle, beef patty, slice cheese, ketchup, mayonnaise",27.5,21.1,7.0,50.0,15.0,500.0,"계란, 대두, 밀, 소고기, 우유","beef, egg, milk, soy, wheat",True,True,True,True,False,False,False,False,False,True,False,"1회 제공량 기준 약 500kcal, 단백질 27.5g, 지방 21.1g, 탄수화물 50.0g, 당류 15.0g, 나트륨 500.0mg 정도의 영양 정보를 가지고 있습니다.","이 메뉴는 계란, 대두, 밀, 소고기, 우유를(을) 함유하고 있어 알레르기가 있는 고객은 섭취에 주의가 필요합니다."
B103,에그 불고기 버거,Egg Bulgogi Burger,BURGER,VALUE_BURGER,,4500,REGULAR,515,False,True,False,False,False,True,False,False,False,False,False,False,False,False,False,False,False,False,True,"가성비,에그 불고기 버거",153,"참깨빵, 양상추, 양파, 피클, 소고기 패티, 케첩, 마요네즈","피클, 양파, 소스, 치즈, 베이컨","sesame bun, lettuce, onion, pickle, beef patty, ketchup, mayonnaise",28.3,21.7,7.2,51.5,15.4,515.0,"계란, 대두, 밀, 소고기","beef, egg, soy, wheat",True,True,False,True,False,False,False,False,False,True,False,"1회 제공량 기준 약 515kcal, 단백질 28.3g, 지방 21.7g, 탄수화물 51.5g, 당류 15.4g, 나트륨 515.0mg 정도의 영양 정보를 가지고 있습니다.","이 메뉴는 계란, 대두, 밀, 소고기를(을) 함유하고 있어 알레르기가 있는 고객은 섭취에 주의가 필요합니다."
B104,어니언 바비큐 버거,Onion BBQ Burger,BURGER,VALUE_BURGER,,4700,REGULAR,530,False,True,False,False,False,True,False,False,False,False,False,False,False,False,False,False,False,False,True,"가성비,어니언 바비큐 버거",154,"참깨빵, 양상추, 양파, 피클, 소고기 패티, 케첩, 마요네즈","피클, 양파, 소스, 치즈, 베이컨","sesame bun, lettuce, onion, pickle, beef patty, ketchup, mayonnaise",29.1,22.4,7.5,53.0,15.9,530.0,"계란, 대두, 밀, 소고기","beef, egg, soy, wheat",True,True,False,True,False,False,False,False,False,True,False,"1회 제공량 기준 약 530kcal, 단백질 29.1g, 지방 22.4g, 탄수화물 53.0g, 당류 15.9g, 나트륨 530.0mg 정도의 영양 정보를 가지고 있습니다.","이 메뉴는 계란, 대두, 밀, 소고기를(을) 함유하고 있어 알레르기가 있는 고객은 섭취에 주의가 필요합니다."
B105,쉬림프 타르타르 버거,Shrimp Tartar Burger,BURGER,VALUE_BURGER,,4900,REGULAR,545,False,True,False,False,False,False,False,False,True,False,False,False,False,False,False,False,False,False,True,"가성비,쉬림프 타르타르 버거",155,"참깨빵, 양상추, 양파, 피클, 새우 패티, 케첩, 마요네즈","피클, 양파, 소스, 치즈, 베이컨","sesame bun, lettuce, onion, pickle, shrimp patty, ketchup, mayonnaise",30.0,23.0,7.7,54.5,16.3,545.0,"계란, 대두, 밀, 생선","egg, fish, soy, wheat",True,True,False,True,False,False,True,False,False,False,False,"1회 제공량 기준 약 545kcal, 단백질 30.0g, 지방 23.0g, 탄수화물 54.5g, 당류 16.3g, 나트륨 545.0mg 정도의 영양 정보를 가지고 있습니다.","이 메뉴는 계란, 대두, 밀, 생선를(을) 함유하고 있어 알레르기가 있는 고객은 섭취에 주의가 필요합니다."
BL001,할라피뇨 치즈 버거,Jalapeno Cheese Burger,BURGER,LIMITED_SPICY_BURGER,,7400,REGULAR,715,False,True,False,False,False,True,False,False,False,True,False,False,False,False,False,False,False,True,True,"한정,매운,할라피뇨 치즈 버거",201,"참깨빵, 양상추, 양파, 피클, 소고기 패티, 슬라이스 치즈, 케첩, 마요네즈","피클, 양파, 소스, 치즈, 베이컨","sesame bun, lettuce, onion, pickle, beef patty, slice cheese, ketchup, mayonnaise",39.3,30.2,10.1,71.5,21.4,715.0,"계란, 대두, 밀, 소고기, 우유","beef, egg, milk, soy, wheat",True,True,True,True,False,False,False,False,False,True,False,"1회 제공량 기준 약 715kcal, 단백질 39.3g, 지방 30.2g, 탄수화물 71.5g, 당류 21.4g, 나트륨 715.0mg 정도의 영양 정보를 가지고 있습니다.","이 메뉴는 계란, 대두, 밀, 소고기, 우유를(을) 함유하고 있어 알레르기가 있는 고객은 섭취에 주의가 필요합니다."
BL002,화이어 치킨버거,Fire Chicken Burger,BURGER,LIMITED_SPICY_BURGER,,7600,REGULAR,730,False,True,False,False,False,False,True,False,False,True,False,False,False,False,False,False,False,True,True,"한정,매운,화이어 치킨버거",202,"참깨빵, 양상추, 양파, 피클, 치킨 패티, 할라피뇨, 케첩, 마요네즈, 스파이시 소스","피클, 양파, 소스, 치즈, 베이컨","sesame bun, lettuce, onion, pickle, chicken patty, jalapeno, ketchup, mayonnaise, spicy sauce",40.1,30.8,10.3,73.0,21.9,730.0,"계란, 닭고기, 대두, 밀","chicken, egg, soy, wheat",True,True,False,True,False,False,False,False,False,False,False,"1회 제공량 기준 약 730kcal, 단백질 40.1g, 지방 30.8g, 탄수화물 73.0g, 당류 21.9g, 나트륨 730.0mg 정도의 영양 정보를 가지고 있습니다.","이 메뉴는 계란, 닭고기, 대두, 밀를(을) 함유하고 있어 알레르기가 있는 고객은 섭취에 주의가 필요합니다."
BL003,불맛 직화 버거,Charcoal Flame Burger,BURGER,LIMITED_SPICY_BURGER,,7800,REGULAR,745,False,True,False,False,False,True,False,False,False,True,False,False,False,False,False,False,False,True,True,"한정,매운,불맛 직화 버거",203,"참깨빵, 양상추, 양파, 피클, 소고기 패티, 할라피뇨, 케첩, 마요네즈, 스파이시 소스","피클, 양파, 소스, 치즈, 베이컨","sesame bun, lettuce, onion, pickle, beef patty, ketchup, mayonnaise",41.0,31.5,10.5,74.5,22.3,745.0,"계란, 대두, 밀, 소고기","beef, egg, soy, wheat",True,True,False,True,False,False,False,False,False,True,False,"1회 제공량 기준 약 745kcal, 단백질 41.0g, 지방 31.5g, 탄수화물 74.5g, 당류 22.3g, 나트륨 745.0mg 정도의 영양 정보를 가지고 있습니다.","이 메뉴는 계란, 대두, 밀, 소고기를(을) 함유하고 있어 알레르기가 있는 고객은 섭취에 주의가 필요합니다."
BL004,레드핫 스테이크 버거,Red Hot Steak Burger,BURGER,LIMITED_SPICY_BURGER,,8000,REGULAR,760,False,True,False,False,False,True,False,False,False,True,False,False,False,False,False,False,False,True,True,"한정,매운,레드핫 스테이크 버거",204,"참깨빵, 양상추, 양파, 피클, 소고기 패티, 스테이크 패티, 할라피뇨, 케첩, 마요네즈, 스파이시 소스","피클, 양파, 소스, 치즈, 베이컨","sesame bun, lettuce, onion, pickle, beef patty, steak patty, jalapeno, ketchup, mayonnaise, spicy sauce",41.8,32.1,10.7,76.0,22.8,760.0,"계란, 대두, 밀, 소고기","beef, egg, soy, wheat",True,True,False,True,False,False,False,False,False,True,False,"1회 제공량 기준 약 760kcal, 단백질 41.8g, 지방 32.1g, 탄수화물 76.0g, 당류 22.8g, 나트륨 760.0mg 정도의 영양 정보를 가지고 있습니다.","이 메뉴는 계란, 대두, 밀, 소고기를(을) 함유하고 있어 알레르기가 있는 고객은 섭취에 주의가 필요합니다."
BL005,불닭 마요 치킨버거,Hot Chicken Mayo Burger,BURGER,LIMITED_SPICY_BURGER,,8200,REGULAR,775,False,True,False,False,False,False,True,False,False,True,False,False,False,False,False,False,False,True,True,"한정,매운,불닭 마요 치킨버거",205,"참깨빵, 양상추, 양파, 피클, 치킨 패티, 할라피뇨, 케첩, 마요네즈, 스파이시 소스","피클, 양파, 소스, 치즈, 베이컨","sesame bun, lettuce, onion, pickle, chicken patty, jalapeno, ketchup, mayonnaise, spicy sauce",42.6,32.7,10.9,77.5,23.2,775.0,"계란, 닭고기, 대두, 밀","chicken, egg, soy, wheat",True,True,False,True,False,False,False,False,False,False,False,"1회 제공량 기준 약 775kcal, 단백질 42.6g, 지방 32.7g, 탄수화물 77.5g, 당류 23.2g, 나트륨 775.0mg 정도의 영양 정보를 가지고 있습니다.","이 메뉴는 계란, 닭고기, 대두, 밀를(을) 함유하고 있어 알레르기가 있는 고객은 섭취에 주의가 필요합니다."
BL006,스모키 칠리 버거,Smoky Chili Burger,BURGER,LIMITED_SPICY_BURGER,,8400,REGULAR,790,False,True,False,False,False,True,False,False,False,True,False,False,False,False,False,False,False,True,True,"한정,매운,스모키 칠리 버거",206,"참깨빵, 양상추, 양파, 피클, 소고기 패티, 할라피뇨, 케첩, 마요네즈, 스파이시 소스","피클, 양파, 소스, 치즈, 베이컨","sesame bun, lettuce, onion, pickle, beef patty, jalapeno, ketchup, mayonnaise, spicy sauce",43.5,33.4,11.1,79.0,23.7,790.0,"계란, 대두, 밀, 소고기","beef, egg, soy, wheat",True,True,False,True,False,False,False,False,False,True,False,"1회 제공량 기준 약 790kcal, 단백질 43.5g, 지방 33.4g, 탄수화물 79.0g, 당류 23.7g, 나트륨 790.0mg 정도의 영양 정보를 가지고 있습니다.","이 메뉴는 계란, 대두, 밀, 소고기를(을) 함유하고 있어 알레르기가 있는 고객은 섭취에 주의가 필요합니다."
BL007,크레이지 스파이시 버거,Crazy Spicy Burger,BURGER,LIMITED_SPICY_BURGER,,8600,REGULAR,805,False,True,False,False,False,True,False,False,False,True,False,False,False,False,False,False,False,True,True,"한정,매운,크레이지 스파이시 버거",207,"참깨빵, 양상추, 양파, 피클, 소고기 패티, 할라피뇨, 케첩, 마요네즈, 스파이시 소스","피클, 양파, 소스, 치즈, 베이컨","sesame bun, lettuce, onion, pickle, beef patty, jalapeno, ketchup, mayonnaise, spicy sauce",44.3,34.0,11.3,80.5,24.1,805.0,"계란, 대두, 밀, 소고기","beef, egg, soy, wheat",True,True,False,True,False,False,False,False,False,True,False,"1회 제공량 기준 약 805kcal, 단백질 44.3g, 지방 34.0g, 탄수화물 80.5g, 당류 24.1g, 나트륨 805.0mg 정도의 영양 정보를 가지고 있습니다.","이 메뉴는 계란, 대두, 밀, 소고기를(을) 함유하고 있어 알레르기가 있는 고객은 섭취에 주의가 필요합니다."
BL008,고스트 페퍼 버거,Ghost Pepper Burger,BURGER,LIMITED_SPICY_BURGER,,8800,REGULAR,820,False,True,False,False,False,True,False,False,False,True,False,False,False,False,False,False,False,True,True,"한정,매운,고스트 페퍼 버거",208,"참깨빵, 양상추, 양파, 피클, 소고기 패티, 할라피뇨, 케첩, 마요네즈, 스파이시 소스","피클, 양파, 소스, 치즈, 베이컨","sesame bun, lettuce, onion, pickle, beef patty, jalapeno, ketchup, mayonnaise, spicy sauce",45.1,34.6,11.5,82.0,24.6,820.0,"계란, 대두, 밀, 소고기","beef, egg, soy, wheat",True,True,False,True,False,False,False,False,False,True,False,"1회 제공량 기준 약 820kcal, 단백질 45.1g, 지방 34.6g, 탄수화물 82.0g, 당류 24.6g, 나트륨 820.0mg 정도의 영양 정보를 가지고 있습니다.","이 메뉴는 계란, 대두, 밀, 소고기를(을) 함유하고 있어 알레르기가 있는 고객은 섭취에 주의가 필요합니다."
BL009,와사비 스파이시 버거,Wasabi Spicy Burger,BURGER,LIMITED_SPICY_BURGER,,9000,REGULAR,835,False,True,False,False,False,True,False,False,False,True,False,False,False,False,False,False,False,True,True,"한정,매운,와사비 스파이시 버거",209,"참깨빵, 양상추, 양파, 피클, 소고기 패티, 할라피뇨, 케첩, 마요네즈, 스파이시 소스","피클, 양파, 소스, 치즈, 베이컨","sesame bun, lettuce, onion, pickle, beef patty, jalapeno, ketchup, mayonnaise, spicy sauce",45.9,35.3,11.8,83.5,25.1,835.0,"계란, 대두, 밀, 소고기","beef, egg, soy, wheat",True,True,False,True,False,False,False,False,False,True,False,"1회 제공량 기준 약 835kcal, 단백질 45.9g, 지방 35.3g, 탄수화물 83.5g, 당류 25.1g, 나트륨 835.0mg 정도의 영양 정보를 가지고 있습니다.","이 메뉴는 계란, 대두, 밀, 소고기를(을) 함유하고 있어 알레르기가 있는 고객은 섭취에 주의가 필요합니다."
BL010,매운 쉬림프 버거,Spicy Shrimp Burger,BURGER,LIMITED_SPICY_BURGER,,9200,REGULAR,850,False,True,False,False,False,False,False,False,True,True,False,False,False,False,False,False,False,True,True,"한정,매운,매운 쉬림프 버거",210,"참깨빵, 양상추, 양파, 피클, 새우 패티, 케첩, 마요네즈","피클, 양파, 소스, 치즈, 베이컨","sesame bun, lettuce, onion, pickle, shrimp patty, jalapeno, ketchup, mayonnaise, spicy sauce",46.8,35.9,12.0,85.0,25.5,850.0,"계란, 대두, 밀, 생선","egg, fish, soy, wheat",True,True,False,True,False,False,True,False,False,False,False,"1회 제공량 기준 약 850kcal, 단백질 46.8g, 지방 35.9g, 탄수화물 85.0g, 당류 25.5g, 나트륨 850.0mg 정도의 영양 정보를 가지고 있습니다.","이 메뉴는 계란, 대두, 밀, 생선를(을) 함유하고 있어 알레르기가 있는 고객은 섭취에 주의가 필요합니다."
S001,스테디 와퍼 세트,Steady Whopper Set,SET,COMBO_SET,B001,9000,REGULAR,950,True,False,False,False,False,,,,,,,,False,False,False,False,True,False,True,"스테디 와퍼,세트",300,,,,35.6,36.9,12.3,118.8,35.6,475.0,"닭고기, 돼지고기, 생선, 소고기","beef, chicken, fish, pork",False,False,False,False,False,False,True,False,True,True,False,"1회 제공량 기준 약 950kcal, 단백질 35.6g, 지방 36.9g, 탄수화물 118.8g, 당류 35.6g, 나트륨 475.0mg 정도의 영양 정보를 가지고 있습니다.","이 메뉴는 닭고기, 돼지고기, 생선, 소고기를(을) 함유하고 있어 알레르기가 있는 고객은 섭취에 주의가 필요합니다."
S002,불고기 클래식 버거 세트,Bulgogi Classic Burger Set,SET,COMBO_SET,B002,9000,REGULAR,950,True,False,False,False,False,,,,,,,,False,False,False,False,True,False,True,"불고기 클래식 버거,세트",301,,,,35.6,36.9,12.3,118.8,35.6,475.0,"닭고기, 돼지고기, 생선, 소고기","beef, chicken, fish, pork",False,False,False,False,False,False,True,False,True,True,False,"1회 제공량 기준 약 950kcal, 단백질 35.6g, 지방 36.9g, 탄수화물 118.8g, 당류 35.6g, 나트륨 475.0mg 정도의 영양 정보를 가지고 있습니다.","이 메뉴는 닭고기, 돼지고기, 생선, 소고기를(을) 함유하고 있어 알레르기가 있는 고객은 섭취에 주의가 필요합니다."
S003,더블 치즈버거 세트,Double Cheeseburger Set,SET,COMBO_SET,B003,9000,REGULAR,950,True,False,False,False,False,,,,,,,,False,False,False,False,True,False,True,"더블 치즈버거,세트",302,,,,35.6,36.9,12.3,118.8,35.6,475.0,"닭고기, 돼지고기, 생선, 소고기","beef, chicken, fish, pork",False,False,False,False,False,False,True,False,True,True,False,"1회 제공량 기준 약 950kcal, 단백질 35.6g, 지방 36.9g, 탄수화물 118.8g, 당류 35.6g, 나트륨 475.0mg 정도의 영양 정보를 가지고 있습니다.","이 메뉴는 닭고기, 돼지고기, 생선, 소고기를(을) 함유하고 있어 알레르기가 있는 고객은 섭취에 주의가 필요합니다."
S004,크리스피 치킨버거 세트,Crispy Chicken Burger Set,SET,COMBO_SET,B004,9000,REGULAR,950,True,False,False,False,False,,,,,,,,False,False,False,False,True,False,True,"크리스피 치킨버거,세트",303,,,,35.6,36.9,12.3,118.8,35.6,475.0,"닭고기, 돼지고기, 생선, 소고기","beef, chicken, fish, pork",False,False,False,False,False,False,True,False,True,True,False,"1회 제공량 기준 약 950kcal, 단백질 35.6g, 지방 36.9g, 탄수화물 118.8g, 당류 35.6g, 나트륨 475.0mg 정도의 영양 정보를 가지고 있습니다.","이 메뉴는 닭고기, 돼지고기, 생선, 소고기를(을) 함유하고 있어 알레르기가 있는 고객은 섭취에 주의가 필요합니다."
S005,피쉬 타르타르 버거 세트,Fish Tartar Burger Set,SET,COMBO_SET,B005,9000,REGULAR,950,True,False,False,False,False,,,,,,,,False,False,False,False,True,False,True,"피쉬 타르타르 버거,세트",304,,,,35.6,36.9,12.3,118.8,35.6,475.0,"닭고기, 돼지고기, 생선, 소고기","beef, chicken, fish, pork",False,False,False,False,False,False,True,False,True,True,False,"1회 제공량 기준 약 950kcal, 단백질 35.6g, 지방 36.9g, 탄수화물 118.8g, 당류 35.6g, 나트륨 475.0mg 정도의 영양 정보를 가지고 있습니다.","이 메뉴는 닭고기, 돼지고기, 생선, 소고기를(을) 함유하고 있어 알레르기가 있는 고객은 섭취에 주의가 필요합니다."
S006,그릴드 베지 버거 세트,Grilled Veggie Burger Set,SET,COMBO_SET,B006,9000,REGULAR,950,True,False,False,False,False,,,,,,,,False,False,False,False,True,False,True,"그릴드 베지 버거,세트",305,,,,35.6,36.9,12.3,118.8,35.6,475.0,"닭고기, 돼지고기, 생선, 소고기","beef, chicken, fish, pork",False,False,False,False,False,False,True,False,True,True,False,"1회 제공량 기준 약 950kcal, 단백질 35.6g, 지방 36.9g, 탄수화물 118.8g, 당류 35.6g, 나트륨 475.0mg 정도의 영양 정보를 가지고 있습니다.","이 메뉴는 닭고기, 돼지고기, 생선, 소고기를(을) 함유하고 있어 알레르기가 있는 고객은 섭취에 주의가 필요합니다."
S007,스모키 베이컨 버거 세트,Smoky Bacon Burger Set,SET,COMBO_SET,B007,9000,REGULAR,950,True,False,False,False,False,,,,,,,,False,False,False,False,True,False,True,"스모키 베이컨 버거,세트",306,,,,35.6,36.9,12.3,118.8,35.6,475.0,"닭고기, 돼지고기, 생선, 소고기","beef, chicken, fish, pork",False,False,False,False,False,False,True,False,True,True,False,"1회 제공량 기준 약 950kcal, 단백질 35.6g, 지방 36.9g, 탄수화물 118.8g, 당류 35.6g, 나트륨 475.0mg 정도의 영양 정보를 가지고 있습니다.","이 메뉴는 닭고기, 돼지고기, 생선, 소고기를(을) 함유하고 있어 알레르기가 있는 고객은 섭취에 주의가 필요합니다."
S008,머쉬룸 크림 버거 세트,Mushroom Cream Burger Set,SET,COMBO_SET,B008,9000,REGULAR,950,True,False,False,False,False,,,,,,,,False,False,False,False,True,False,True,"머쉬룸 크림 버거,세트",307,,,,35.6,36.9,12.3,118.8,35.6,475.0,"닭고기, 돼지고기, 생선, 소고기","beef, chicken, fish, pork",False,False,False,False,False,False,True,False,True,True,False,"1회 제공량 기준 약 950kcal, 단백질 35.6g, 지방 36.9g, 탄수화물 118.8g, 당류 35.6g, 나트륨 475.0mg 정도의 영양 정보를 가지고 있습니다.","이 메뉴는 닭고기, 돼지고기, 생선, 소고기를(을) 함유하고 있어 알레르기가 있는 고객은 섭취에 주의가 필요합니다."
S009,갈릭 스테이크 버거 세트,Garlic Steak Burger Set,SET,COMBO_SET,B009,9000,REGULAR,950,True,False,False,False,False,,,,,,,,False,False,False,False,True,False,True,"갈릭 스테이크 버거,세트",308,,,,35.6,36.9,12.3,118.8,35.6,475.0,"닭고기, 돼지고기, 생선, 소고기","beef, chicken, fish, pork",False,False,False,False,False,False,True,False,True,True,False,"1회 제공량 기준 약 950kcal, 단백질 35.6g, 지방 36.9g, 탄수화물 118.8g, 당류 35.6g, 나트륨 475.0mg 정도의 영양 정보를 가지고 있습니다.","이 메뉴는 닭고기, 돼지고기, 생선, 소고기를(을) 함유하고 있어 알레르기가 있는 고객은 섭취에 주의가 필요합니다."
S010,트리플 치즈 버거 세트,Triple Cheese Burger Set,SET,COMBO_SET,B010,9000,REGULAR,950,True,False,False,False,False,,,,,,,,False,False,False,False,True,False,True,"트리플 치즈 버거,세트",309,,,,35.6,36.9,12.3,118.8,35.6,475.0,"닭고기, 돼지고기, 생선, 소고기","beef, chicken, fish, pork",False,False,False,False,False,False,True,False,True,True,False,"1회 제공량 기준 약 950kcal, 단백질 35.6g, 지방 36.9g, 탄수화물 118.8g, 당류 35.6g, 나트륨 475.0mg 정도의 영양 정보를 가지고 있습니다.","이 메뉴는 닭고기, 돼지고기, 생선, 소고기를(을) 함유하고 있어 알레르기가 있는 고객은 섭취에 주의가 필요합니다."
S101,클래식 라이트 버거 세트,Classic Light Burger Set,SET,COMBO_SET,B101,9000,REGULAR,950,True,False,False,False,False,,,,,,,,False,False,False,False,True,False,True,"클래식 라이트 버거,세트",310,,,,35.6,36.9,12.3,118.8,35.6,475.0,"닭고기, 돼지고기, 생선, 소고기","beef, chicken, fish, pork",False,False,False,False,False,False,True,False,True,True,False,"1회 제공량 기준 약 950kcal, 단백질 35.6g, 지방 36.9g, 탄수화물 118.8g, 당류 35.6g, 나트륨 475.0mg 정도의 영양 정보를 가지고 있습니다.","이 메뉴는 닭고기, 돼지고기, 생선, 소고기를(을) 함유하고 있어 알레르기가 있는 고객은 섭취에 주의가 필요합니다."
S102,싱글 치즈버거 세트,Single Cheeseburger Set,SET,COMBO_SET,B102,9000,REGULAR,950,True,False,False,False,False,,,,,,,,False,False,False,False,True,False,True,"싱글 치즈버거,세트",311,,,,35.6,36.9,12.3,118.8,35.6,475.0,"닭고기, 돼지고기, 생선, 소고기","beef, chicken, fish, pork",False,False,False,False,False,False,True,False,True,True,False,"1회 제공량 기준 약 950kcal, 단백질 35.6g, 지방 36.9g, 탄수화물 118.8g, 당류 35.6g, 나트륨 475.0mg 정도의 영양 정보를 가지고 있습니다.","이 메뉴는 닭고기, 돼지고기, 생선, 소고기를(을) 함유하고 있어 알레르기가 있는 고객은 섭취에 주의가 필요합니다."
S103,에그 불고기 버거 세트,Egg Bulgogi Burger Set,SET,COMBO_SET,B103,9000,REGULAR,950,True,False,False,False,False,,,,,,,,False,False,False,False,True,False,True,"에그 불고기 버거,세트",312,,,,35.6,36.9,12.3,118.8,35.6,475.0,"닭고기, 돼지고기, 생선, 소고기","beef, chicken, fish, pork",False,False,False,False,False,False,True,False,True,True,False,"1회 제공량 기준 약 950kcal, 단백질 35.6g, 지방 36.9g, 탄수화물 118.8g, 당류 35.6g, 나트륨 475.0mg 정도의 영양 정보를 가지고 있습니다.","이 메뉴는 닭고기, 돼지고기, 생선, 소고기를(을) 함유하고 있어 알레르기가 있는 고객은 섭취에 주의가 필요합니다."
S104,어니언 바비큐 버거 세트,Onion BBQ Burger Set,SET,COMBO_SET,B104,9000,REGULAR,950,True,False,False,False,False,,,,,,,,False,False,False,False,True,False,True,"어니언 바비큐 버거,세트",313,,,,35.6,36.9,12.3,118.8,35.6,475.0,"닭고기, 돼지고기, 생선, 소고기","beef, chicken, fish, pork",False,False,False,False,False,False,True,False,True,True,False,"1회 제공량 기준 약 950kcal, 단백질 35.6g, 지방 36.9g, 탄수화물 118.8g, 당류 35.6g, 나트륨 475.0mg 정도의 영양 정보를 가지고 있습니다.","이 메뉴는 닭고기, 돼지고기, 생선, 소고기를(을) 함유하고 있어 알레르기가 있는 고객은 섭취에 주의가 필요합니다."
S105,쉬림프 타르타르 버거 세트,Shrimp Tartar Burger Set,SET,COMBO_SET,B105,9000,REGULAR,950,True,False,False,False,False,,,,,,,,False,False,False,False,True,False,True,"쉬림프 타르타르 버거,세트",314,,,,35.6,36.9,12.3,118.8,35.6,475.0,"닭고기, 돼지고기, 생선, 소고기","beef, chicken, fish, pork",False,False,False,False,False,False,True,False,True,True,False,"1회 제공량 기준 약 950kcal, 단백질 35.6g, 지방 36.9g, 탄수화물 118.8g, 당류 35.6g, 나트륨 475.0mg 정도의 영양 정보를 가지고 있습니다.","이 메뉴는 닭고기, 돼지고기, 생선, 소고기를(을) 함유하고 있어 알레르기가 있는 고객은 섭취에 주의가 필요합니다."
SL001,할라피뇨 치즈 버거 세트,Jalapeno Cheese Burger Set,SET,COMBO_SET,BL001,9000,REGULAR,950,True,False,False,False,False,,,,,,,,False,False,False,False,True,False,True,"할라피뇨 치즈 버거,세트",315,,,,35.6,36.9,12.3,118.8,35.6,475.0,"닭고기, 돼지고기, 생선, 소고기","beef, chicken, fish, pork",False,False,False,False,False,False,True,False,True,True,False,"1회 제공량 기준 약 950kcal, 단백질 35.6g, 지방 36.9g, 탄수화물 118.8g, 당류 35.6g, 나트륨 475.0mg 정도의 영양 정보를 가지고 있습니다.","이 메뉴는 닭고기, 돼지고기, 생선, 소고기를(을) 함유하고 있어 알레르기가 있는 고객은 섭취에 주의가 필요합니다."
SL002,화이어 치킨버거 세트,Fire Chicken Burger Set,SET,COMBO_SET,BL002,9000,REGULAR,950,True,False,False,False,False,,,,,,,,False,False,False,False,True,False,True,"화이어 치킨버거,세트",316,,,,35.6,36.9,12.3,118.8,35.6,475.0,"닭고기, 돼지고기, 생선, 소고기","beef, chicken, fish, pork",False,False,False,False,False,False,True,False,True,True,False,"1회 제공량 기준 약 950kcal, 단백질 35.6g, 지방 36.9g, 탄수화물 118.8g, 당류 35.6g, 나트륨 475.0mg 정도의 영양 정보를 가지고 있습니다.","이 메뉴는 닭고기, 돼지고기, 생선, 소고기를(을) 함유하고 있어 알레르기가 있는 고객은 섭취에 주의가 필요합니다."
SL003,불맛 직화 버거 세트,Charcoal Flame Burger Set,SET,COMBO_SET,BL003,9000,REGULAR,950,True,False,False,False,False,,,,,,,,False,False,False,False,True,False,True,"불맛 직화 버거,세트",317,,,,35.6,36.9,12.3,118.8,35.6,475.0,"닭고기, 돼지고기, 생선, 소고기","beef, chicken, fish, pork",False,False,False,False,False,False,True,False,True,True,False,"1회 제공량 기준 약 950kcal, 단백질 35.6g, 지방 36.9g, 탄수화물 118.8g, 당류 35.6g, 나트륨 475.0mg 정도의 영양 정보를 가지고 있습니다.","이 메뉴는 닭고기, 돼지고기, 생선, 소고기를(을) 함유하고 있어 알레르기가 있는 고객은 섭취에 주의가 필요합니다."
SL004,레드핫 스테이크 버거 세트,Red Hot Steak Burger Set,SET,COMBO_SET,BL004,9000,REGULAR,950,True,False,False,False,False,,,,,,,,False,False,False,False,True,False,True,"레드핫 스테이크 버거,세트",318,,,,35.6,36.9,12.3,118.8,35.6,475.0,"닭고기, 돼지고기, 생선, 소고기","beef, chicken, fish, pork",False,False,False,False,False,False,True,False,True,True,False,"1회 제공량 기준 약 950kcal, 단백질 35.6g, 지방 36.9g, 탄수화물 118.8g, 당류 35.6g, 나트륨 475.0mg 정도의 영양 정보를 가지고 있습니다.","이 메뉴는 닭고기, 돼지고기, 생선, 소고기를(을) 함유하고 있어 알레르기가 있는 고객은 섭취에 주의가 필요합니다."
SL005,불닭 마요 치킨버거 세트,Hot Chicken Mayo Burger Set,SET,COMBO_SET,BL005,9000,REGULAR,950,True,False,False,False,False,,,,,,,,False,False,False,False,True,False,True,"불닭 마요 치킨버거,세트",319,,,,35.6,36.9,12.3,118.8,35.6,475.0,"닭고기, 돼지고기, 생선, 소고기","beef, chicken, fish, pork",False,False,False,False,False,False,True,False,True,True,False,"1회 제공량 기준 약 950kcal, 단백질 35.6g, 지방 36.9g, 탄수화물 118.8g, 당류 35.6g, 나트륨 475.0mg 정도의 영양 정보를 가지고 있습니다.","이 메뉴는 닭고기, 돼지고기, 생선, 소고기를(을) 함유하고 있어 알레르기가 있는 고객은 섭취에 주의가 필요합니다."
SL006,스모키 칠리 버거 세트,Smoky Chili Burger Set,SET,COMBO_SET,BL006,9000,REGULAR,950,True,False,False,False,False,,,,,,,,False,False,False,False,True,False,True,"스모키 칠리 버거,세트",320,,,,35.6,36.9,12.3,118.8,35.6,475.0,"닭고기, 돼지고기, 생선, 소고기","beef, chicken, fish, pork",False,False,False,False,False,False,True,False,True,True,False,"1회 제공량 기준 약 950kcal, 단백질 35.6g, 지방 36.9g, 탄수화물 118.8g, 당류 35.6g, 나트륨 475.0mg 정도의 영양 정보를 가지고 있습니다.","이 메뉴는 닭고기, 돼지고기, 생선, 소고기를(을) 함유하고 있어 알레르기가 있는 고객은 섭취에 주의가 필요합니다."
SL007,크레이지 스파이시 버거 세트,Crazy Spicy Burger Set,SET,COMBO_SET,BL007,9000,REGULAR,950,True,False,False,False,False,,,,,,,,False,False,False,False,True,False,True,"크레이지 스파이시 버거,세트",321,,,,35.6,36.9,12.3,118.8,35.6,475.0,"닭고기, 돼지고기, 생선, 소고기","beef, chicken, fish, pork",False,False,False,False,False,False,True,False,True,True,False,"1회 제공량 기준 약 950kcal, 단백질 35.6g, 지방 36.9g, 탄수화물 118.8g, 당류 35.6g, 나트륨 475.0mg 정도의 영양 정보를 가지고 있습니다.","이 메뉴는 닭고기, 돼지고기, 생선, 소고기를(을) 함유하고 있어 알레르기가 있는 고객은 섭취에 주의가 필요합니다."
SL008,고스트 페퍼 버거 세트,Ghost Pepper Burger Set,SET,COMBO_SET,BL008,9000,REGULAR,950,True,False,False,False,False,,,,,,,,False,False,False,False,True,False,True,"고스트 페퍼 버거,세트",322,,,,35.6,36.9,12.3,118.8,35.6,475.0,"닭고기, 돼지고기, 생선, 소고기","beef, chicken, fish, pork",False,False,False,False,False,False,True,False,True,True,False,"1회 제공량 기준 약 950kcal, 단백질 35.6g, 지방 36.9g, 탄수화물 118.8g, 당류 35.6g, 나트륨 475.0mg 정도의 영양 정보를 가지고 있습니다.","이 메뉴는 닭고기, 돼지고기, 생선, 소고기를(을) 함유하고 있어 알레르기가 있는 고객은 섭취에 주의가 필요합니다."
SL009,와사비 스파이시 버거 세트,Wasabi Spicy Burger Set,SET,COMBO_SET,BL009,9000,REGULAR,950,True,False,False,False,False,,,,,,,,False,False,False,False,True,False,True,"와사비 스파이시 버거,세트",323,,,,35.6,36.9,12.3,118.8,35.6,475.0,"닭고기, 돼지고기, 생선, 소고기","beef, chicken, fish, pork",False,False,False,False,False,False,True,False,True,True,False,"1회 제공량 기준 약 950kcal, 단백질 35.6g, 지방 36.9g, 탄수화물 118.8g, 당류 35.6g, 나트륨 475.0mg 정도의 영양 정보를 가지고 있습니다.","이 메뉴는 닭고기, 돼지고기, 생선, 소고기를(을) 함유하고 있어 알레르기가 있는 고객은 섭취에 주의가 필요합니다."
SL010,매운 쉬림프 버거 세트,Spicy Shrimp Burger Set,SET,COMBO_SET,BL010,9000,REGULAR,950,True,False,False,False,False,,,,,,,,False,False,False,False,True,False,True,"매운 쉬림프 버거,세트",324,,,,35.6,36.9,12.3,118.8,35.6,475.0,"닭고기, 돼지고기, 생선, 소고기","beef, chicken, fish, pork",False,False,False,False,False,False,True,False,True,True,False,"1회 제공량 기준 약 950kcal, 단백질 35.6g, 지방 36.9g, 탄수화물 118.8g, 당류 35.6g, 나트륨 475.0mg 정도의 영양 정보를 가지고 있습니다.","이 메뉴는 닭고기, 돼지고기, 생선, 소고기를(을) 함유하고 있어 알레르기가 있는 고객은 섭취에 주의가 필요합니다."
SD201,프렌치프라이 (R),French Fries (R),SIDE,FRIES,,2800,REGULAR,320,False,False,True,False,False,False,False,False,False,False,False,False,False,False,False,False,True,False,True,"프렌치프라이 (R),사이드",410,"감자, 식용유, 소금","소금, 케첩, 소스",,8.0,16.0,5.3,36.0,10.8,256.0,,,False,False,False,False,False,False,False,False,False,False,False,"1회 제공량 기준 약 320kcal, 단백질 8.0g, 지방 16.0g, 탄수화물 36.0g, 당류 10.8g, 나트륨 256.0mg 정도의 영양 정보를 가지고 있습니다.",이 메뉴에 대한 상세 알레르기 정보는 제한적으로 제공됩니다. 알레르기가 있다면 직원에게 다시 한 번 확인하는 것을 권장합니다.
SD202,프렌치프라이 (L),French Fries (L),SIDE,FRIES,,3300,LARGE,420,False,False,True,False,False,False,False,False,False,False,False,False,False,False,False,False,True,False,True,"프렌치프라이 (L),사이드",411,"감자, 식용유, 소금","소금, 케첩, 소스",,10.5,21.0,7.0,47.2,14.2,336.0,,,False,False,False,False,False,False,False,False,False,False,False,"1회 제공량 기준 약 420kcal, 단백질 10.5g, 지방 21.0g, 탄수화물 47.2g, 당류 14.2g, 나트륨 336.0mg 정도의 영양 정보를 가지고 있습니다.",이 메뉴에 대한 상세 알레르기 정보는 제한적으로 제공됩니다. 알레르기가 있다면 직원에게 다시 한 번 확인하는 것을 권장합니다.
SD203,치킨너겟 6조각,Chicken Nuggets 6pcs,SIDE,CHICKEN_SIDE,,3500,ONE_SIZE,410,False,False,True,False,False,False,True,False,False,False,False,False,False,False,False,False,True,False,True,"치킨너겟 6조각,사이드",412,"닭고기, 튀김옷, 식용유",,,10.2,20.5,6.8,46.1,13.8,328.0,"닭고기, 대두, 밀","chicken, soy, wheat",True,False,False,True,False,False,False,False,False,False,False,"1회 제공량 기준 약 410kcal, 단백질 10.2g, 지방 20.5g, 탄수화물 46.1g, 당류 13.8g, 나트륨 328.0mg 정도의 영양 정보를 가지고 있습니다.","이 메뉴는 닭고기, 대두, 밀를(을) 함유하고 있어 알레르기가 있는 고객은 섭취에 주의가 필요합니다."
SD204,어니언 링,Onion Rings,SIDE,ONION_RING,,3200,ONE_SIZE,360,False,False,True,False,False,False,False,False,False,False,False,False,False,False,False,False,True,False,True,"어니언 링,사이드",413,"양파, 튀김옷, 식용유",,,9.0,18.0,6.0,40.5,12.2,288.0,"대두, 밀","soy, wheat",True,False,False,True,False,False,False,False,False,False,False,"1회 제공량 기준 약 360kcal, 단백질 9.0g, 지방 18.0g, 탄수화물 40.5g, 당류 12.2g, 나트륨 288.0mg 정도의 영양 정보를 가지고 있습니다.","이 메뉴는 대두, 밀를(을) 함유하고 있어 알레르기가 있는 고객은 섭취에 주의가 필요합니다."
SD205,코울슬로,Coleslaw,SIDE,SALAD,,2500,ONE_SIZE,150,False,False,True,False,False,False,False,False,False,False,False,False,False,False,False,False,True,False,True,"코울슬로,사이드",414,"양배추, 당근, 마요네즈 드레싱",,,3.8,7.5,2.5,16.9,5.1,120.0,"계란, 대두, 밀","egg, soy, wheat",True,True,False,True,False,False,False,False,False,False,False,"1회 제공량 기준 약 150kcal, 단백질 3.8g, 지방 7.5g, 탄수화물 16.9g, 당류 5.1g, 나트륨 120.0mg 정도의 영양 정보를 가지고 있습니다.","이 메뉴는 계란, 대두, 밀를(을) 함유하고 있어 알레르기가 있는 고객은 섭취에 주의가 필요합니다."
SD206,치즈 프라이,Cheese Fries,SIDE,FRIES,,3800,ONE_SIZE,430,False,False,True,False,False,False,False,False,False,False,False,False,False,False,False,False,True,False,True,"치즈 프라이,사이드",415,"감자, 식용유, 소금",,,10.8,21.5,7.2,48.4,14.5,344.0,,,False,False,False,False,False,False,False,False,False,False,False,"1회 제공량 기준 약 430kcal, 단백질 10.8g, 지방 21.5g, 탄수화물 48.4g, 당류 14.5g, 나트륨 344.0mg 정도의 영양 정보를 가지고 있습니다.",이 메뉴에 대한 상세 알레르기 정보는 제한적으로 제공됩니다. 알레르기가 있다면 직원에게 다시 한 번 확인하는 것을 권장합니다.
SD207,칠리 치즈 프라이,Chili Cheese Fries,SIDE,FRIES,,4200,ONE_SIZE,480,False,False,True,False,False,False,False,False,False,True,False,False,False,False,False,False,True,False,True,"칠리 치즈 프라이,사이드",416,"감자, 식용유, 소금",,,12.0,24.0,8.0,54.0,16.2,384.0,,,False,False,False,False,False,False,False,False,False,False,False,"1회 제공량 기준 약 480kcal, 단백질 12.0g, 지방 24.0g, 탄수화물 54.0g, 당류 16.2g, 나트륨 384.0mg 정도의 영양 정보를 가지고 있습니다.",이 메뉴에 대한 상세 알레르기 정보는 제한적으로 제공됩니다. 알레르기가 있다면 직원에게 다시 한 번 확인하는 것을 권장합니다.
SD208,모짜렐라 스틱 4조각,Mozzarella Sticks 4pcs,SIDE,CHEESE_SIDE,,3700,ONE_SIZE,390,False,False,True,False,False,False,False,False,False,False,False,False,False,False,False,False,True,False,True,"모짜렐라 스틱 4조각,사이드",417,"모짜렐라 치즈, 튀김옷, 식용유",,,9.8,19.5,6.5,43.9,13.2,312.0,"대두, 밀, 우유","milk, soy, wheat",True,False,True,True,False,False,False,False,False,False,False,"1회 제공량 기준 약 390kcal, 단백질 9.8g, 지방 19.5g, 탄수화물 43.9g, 당류 13.2g, 나트륨 312.0mg 정도의 영양 정보를 가지고 있습니다.","이 메뉴는 대두, 밀, 우유를(을) 함유하고 있어 알레르기가 있는 고객은 섭취에 주의가 필요합니다."
SD209,콘 샐러드,Corn Salad,SIDE,SALAD,,2600,ONE_SIZE,140,False,False,True,False,False,False,False,False,False,False,False,True,False,False,False,False,True,False,True,"콘 샐러드,사이드",418,"양배추, 당근, 마요네즈 드레싱",,,3.5,7.0,2.3,15.8,4.7,112.0,"계란, 대두, 밀","egg, soy, wheat",True,True,False,True,False,False,False,False,False,False,False,"1회 제공량 기준 약 140kcal, 단백질 3.5g, 지방 7.0g, 탄수화물 15.8g, 당류 4.7g, 나트륨 112.0mg 정도의 영양 정보를 가지고 있습니다.","이 메뉴는 계란, 대두, 밀를(을) 함유하고 있어 알레르기가 있는 고객은 섭취에 주의가 필요합니다."
SD210,갈릭 브레드,Garlic Bread,SIDE,BREAD,,2900,ONE_SIZE,260,False,False,True,False,False,False,False,False,False,False,False,False,False,False,False,False,True,False,True,"갈릭 브레드,사이드",419,"빵, 마늘버터, 파슬리",,,6.5,13.0,4.3,29.2,8.8,208.0,"대두, 밀","soy, wheat",True,False,False,True,False,False,False,False,False,False,False,"1회 제공량 기준 약 260kcal, 단백질 6.5g, 지방 13.0g, 탄수화물 29.2g, 당류 8.8g, 나트륨 208.0mg 정도의 영양 정보를 가지고 있습니다.","이 메뉴는 대두, 밀를(을) 함유하고 있어 알레르기가 있는 고객은 섭취에 주의가 필요합니다."
DR001,콜라 (R),Cola (R),DRINK,SOFT_DRINK,,2200,REGULAR,150,False,False,False,True,False,False,False,False,False,False,True,True,True,True,False,False,True,False,True,"콜라,음료",500,"탄산수, 콜라 베이스, 설탕, 카페인",,,0.0,0.0,0.0,37.5,33.8,30.0,,,False,False,False,False,False,False,False,False,False,False,False,"1회 제공량 기준 약 150kcal, 단백질 0.0g, 지방 0.0g, 탄수화물 37.5g, 당류 33.8g, 나트륨 30.0mg 정도의 영양 정보를 가지고 있습니다.",이 메뉴에 대한 상세 알레르기 정보는 제한적으로 제공됩니다. 알레르기가 있다면 직원에게 다시 한 번 확인하는 것을 권장합니다.
DR002,콜라 (L),Cola (L),DRINK,SOFT_DRINK,,2700,LARGE,150,False,False,False,True,False,False,False,False,False,False,True,True,True,True,False,False,True,False,True,"콜라,음료",501,"탄산수, 콜라 베이스, 설탕, 카페인",,,0.0,0.0,0.0,37.5,33.8,30.0,,,False,False,False,False,False,False,False,False,False,False,False,"1회 제공량 기준 약 150kcal, 단백질 0.0g, 지방 0.0g, 탄수화물 37.5g, 당류 33.8g, 나트륨 30.0mg 정도의 영양 정보를 가지고 있습니다.",이 메뉴에 대한 상세 알레르기 정보는 제한적으로 제공됩니다. 알레르기가 있다면 직원에게 다시 한 번 확인하는 것을 권장합니다.
DR003,콜라 제로 (R),Cola Zero (R),DRINK,SOFT_DRINK,,2200,REGULAR,10,False,False,False,True,False,False,False,False,False,False,True,True,True,True,True,True,True,False,True,"콜라 제로,음료",502,"탄산수, 무설탕 콜라 베이스, 카페인",,,0.0,0.0,0.0,0.0,0.0,2.0,,,False,False,False,False,False,False,False,False,False,False,False,"1회 제공량 기준 약 10kcal, 단백질 0.0g, 지방 0.0g, 탄수화물 0.0g, 당류 0.0g, 나트륨 2.0mg 정도의 영양 정보를 가지고 있습니다.",이 메뉴에 대한 상세 알레르기 정보는 제한적으로 제공됩니다. 알레르기가 있다면 직원에게 다시 한 번 확인하는 것을 권장합니다.
DR004,콜라 제로 (L),Cola Zero (L),DRINK,SOFT_DRINK,,2700,LARGE,10,False,False,False,True,False,False,False,False,False,False,True,True,True,True,True,True,True,False,True,"콜라 제로,음료",503,"탄산수, 무설탕 콜라 베이스, 카페인",,,0.0,0.0,0.0,0.0,0.0,2.0,,,False,False,False,False,False,False,False,False,False,False,False,"1회 제공량 기준 약 10kcal, 단백질 0.0g, 지방 0.0g, 탄수화물 0.0g, 당류 0.0g, 나트륨 2.0mg 정도의 영양 정보를 가지고 있습니다.",이 메뉴에 대한 상세 알레르기 정보는 제한적으로 제공됩니다. 알레르기가 있다면 직원에게 다시 한 번 확인하는 것을 권장합니다.
DR005,사이다 (R),Lemon Soda (R),DRINK,SOFT_DRINK,,2200,REGULAR,150,False,False,False,True,False,False,False,False,False,False,True,True,True,True,False,False,True,False,True,"사이다,음료",504,"탄산수, 레몬라임 향료, 설탕",,,0.0,0.0,0.0,37.5,33.8,30.0,,,False,False,False,False,False,False,False,False,False,False,False,"1회 제공량 기준 약 150kcal, 단백질 0.0g, 지방 0.0g, 탄수화물 37.5g, 당류 33.8g, 나트륨 30.0mg 정도의 영양 정보를 가지고 있습니다.",이 메뉴에 대한 상세 알레르기 정보는 제한적으로 제공됩니다. 알레르기가 있다면 직원에게 다시 한 번 확인하는 것을 권장합니다.
DR006,사이다 (L),Lemon Soda (L),DRINK,SOFT_DRINK,,2700,LARGE,150,False,False,False,True,False,False,False,False,False,False,True,True,True,True,False,False,True,False,True,"사이다,음료",505,"탄산수, 레몬라임 향료, 설탕",,,0.0,0.0,0.0,37.5,33.8,30.0,,,False,False,False,False,False,False,False,False,False,False,False,"1회 제공량 기준 약 150kcal, 단백질 0.0g, 지방 0.0g, 탄수화물 37.5g, 당류 33.8g, 나트륨 30.0mg 정도의 영양 정보를 가지고 있습니다.",이 메뉴에 대한 상세 알레르기 정보는 제한적으로 제공됩니다. 알레르기가 있다면 직원에게 다시 한 번 확인하는 것을 권장합니다.
DR007,오렌지 주스 (R),Orange Juice (R),DRINK,JUICE,,2200,REGULAR,150,False,False,False,True,False,False,False,False,False,False,True,True,False,False,False,False,True,False,True,"오렌지 주스,음료",506,"과일 농축액, 물, 설탕",,,0.0,0.0,0.0,37.5,33.8,30.0,,,False,False,False,False,False,False,False,False,False,False,False,"1회 제공량 기준 약 150kcal, 단백질 0.0g, 지방 0.0g, 탄수화물 37.5g, 당류 33.8g, 나트륨 30.0mg 정도의 영양 정보를 가지고 있습니다.",이 메뉴에 대한 상세 알레르기 정보는 제한적으로 제공됩니다. 알레르기가 있다면 직원에게 다시 한 번 확인하는 것을 권장합니다.
DR008,오렌지 주스 (L),Orange Juice (L),DRINK,JUICE,,2700,LARGE,150,False,False,False,True,False,False,False,False,False,False,True,True,False,False,False,False,True,False,True,"오렌지 주스,음료",507,"과일 농축액, 물, 설탕",,,0.0,0.0,0.0,37.5,33.8,30.0,,,False,False,False,False,False,False,False,False,False,False,False,"1회 제공량 기준 약 150kcal, 단백질 0.0g, 지방 0.0g, 탄수화물 37.5g, 당류 33.8g, 나트륨 30.0mg 정도의 영양 정보를 가지고 있습니다.",이 메뉴에 대한 상세 알레르기 정보는 제한적으로 제공됩니다. 알레르기가 있다면 직원에게 다시 한 번 확인하는 것을 권장합니다.
DR009,사과 주스 (R),Apple Juice (R),DRINK,JUICE,,2200,REGULAR,150,False,False,False,True,False,False,False,False,False,False,True,True,False,False,False,False,True,False,True,"사과 주스,음료",508,"과일 농축액, 물, 설탕",,,0.0,0.0,0.0,37.5,33.8,30.0,,,False,False,False,False,False,False,False,False,False,False,False,"1회 제공량 기준 약 150kcal, 단백질 0.0g, 지방 0.0g, 탄수화물 37.5g, 당류 33.8g, 나트륨 30.0mg 정도의 영양 정보를 가지고 있습니다.",이 메뉴에 대한 상세 알레르기 정보는 제한적으로 제공됩니다. 알레르기가 있다면 직원에게 다시 한 번 확인하는 것을 권장합니다.
DR010,사과 주스 (L),Apple Juice (L),DRINK,JUICE,,2700,LARGE,150,False,False,False,True,False,False,False,False,False,False,True,True,False,False,False,False,True,False,True,"사과 주스,음료",509,"과일 농축액, 물, 설탕",,,0.0,0.0,0.0,37.5,33.8,30.0,,,False,False,False,False,False,False,False,False,False,False,False,"1회 제공량 기준 약 150kcal, 단백질 0.0g, 지방 0.0g, 탄수화물 37.5g, 당류 33.8g, 나트륨 30.0mg 정도의 영양 정보를 가지고 있습니다.",이 메뉴에 대한 상세 알레르기 정보는 제한적으로 제공됩니다. 알레르기가 있다면 직원에게 다시 한 번 확인하는 것을 권장합니다.
DR011,아이스 아메리카노 (R),Iced Americano (R),DRINK,COFFEE,,2200,REGULAR,10,False,False,False,True,False,False,False,False,False,False,True,True,True,False,False,True,True,False,True,"아이스 아메리카노,음료",510,"에스프레소, 물",,,0.0,0.0,0.0,2.5,2.2,2.0,,,False,False,False,False,False,False,False,False,False,False,False,"1회 제공량 기준 약 10kcal, 단백질 0.0g, 지방 0.0g, 탄수화물 2.5g, 당류 2.2g, 나트륨 2.0mg 정도의 영양 정보를 가지고 있습니다.",이 메뉴에 대한 상세 알레르기 정보는 제한적으로 제공됩니다. 알레르기가 있다면 직원에게 다시 한 번 확인하는 것을 권장합니다.
DR012,아이스 아메리카노 (L),Iced Americano (L),DRINK,COFFEE,,2700,LARGE,10,False,False,False,True,False,False,False,False,False,False,True,True,True,False,False,True,True,False,True,"아이스 아메리카노,음료",511,"에스프레소, 물",,,0.0,0.0,0.0,2.5,2.2,2.0,,,False,False,False,False,False,False,False,False,False,False,False,"1회 제공량 기준 약 10kcal, 단백질 0.0g, 지방 0.0g, 탄수화물 2.5g, 당류 2.2g, 나트륨 2.0mg 정도의 영양 정보를 가지고 있습니다.",이 메뉴에 대한 상세 알레르기 정보는 제한적으로 제공됩니다. 알레르기가 있다면 직원에게 다시 한 번 확인하는 것을 권장합니다.
DR013,핫 아메리카노 (R),Hot Americano (R),DRINK,COFFEE,,2200,REGULAR,10,False,False,False,True,False,False,False,False,False,False,True,True,False,False,False,True,True,False,True,"핫 아메리카노,음료",512,"에스프레소, 물",,,0.0,0.0,0.0,2.5,2.2,2.0,,,False,False,False,False,False,False,False,False,False,False,False,"1회 제공량 기준 약 10kcal, 단백질 0.0g, 지방 0.0g, 탄수화물 2.5g, 당류 2.2g, 나트륨 2.0mg 정도의 영양 정보를 가지고 있습니다.",이 메뉴에 대한 상세 알레르기 정보는 제한적으로 제공됩니다. 알레르기가 있다면 직원에게 다시 한 번 확인하는 것을 권장합니다.
DR014,핫 아메리카노 (L),Hot Americano (L),DRINK,COFFEE,,2700,LARGE,10,False,False,False,True,False,False,False,False,False,False,True,True,False,False,False,True,True,False,True,"핫 아메리카노,음료",513,"에스프레소, 물",,,0.0,0.0,0.0,2.5,2.2,2.0,,,False,False,False,False,False,False,False,False,False,False,False,"1회 제공량 기준 약 10kcal, 단백질 0.0g, 지방 0.0g, 탄수화물 2.5g, 당류 2.2g, 나트륨 2.0mg 정도의 영양 정보를 가지고 있습니다.",이 메뉴에 대한 상세 알레르기 정보는 제한적으로 제공됩니다. 알레르기가 있다면 직원에게 다시 한 번 확인하는 것을 권장합니다.
DR015,카페 라떼 (R),Cafe Latte (R),DRINK,COFFEE,,2200,REGULAR,10,False,False,False,True,False,False,False,False,False,False,True,True,False,False,False,True,True,False,True,"카페 라떼,음료",514,"에스프레소, 우유",,,0.0,0.0,0.0,2.5,2.2,2.0,우유,milk,False,False,True,False,False,False,False,False,False,False,False,"1회 제공량 기준 약 10kcal, 단백질 0.0g, 지방 0.0g, 탄수화물 2.5g, 당류 2.2g, 나트륨 2.0mg 정도의 영양 정보를 가지고 있습니다.",이 메뉴는 우유를(을) 함유하고 있어 알레르기가 있는 고객은 섭취에 주의가 필요합니다.
DR016,카페 라떼 (L),Cafe Latte (L),DRINK,COFFEE,,2700,LARGE,10,False,False,False,True,False,False,False,False,False,False,True,True,False,False,False,True,True,False,True,"카페 라떼,음료",515,"에스프레소, 우유",,,0.0,0.0,0.0,2.5,2.2,2.0,우유,milk,False,False,True,False,False,False,False,False,False,False,False,"1회 제공량 기준 약 10kcal, 단백질 0.0g, 지방 0.0g, 탄수화물 2.5g, 당류 2.2g, 나트륨 2.0mg 정도의 영양 정보를 가지고 있습니다.",이 메뉴는 우유를(을) 함유하고 있어 알레르기가 있는 고객은 섭취에 주의가 필요합니다.
DR017,아이스 카페 라떼 (R),Iced Cafe Latte (R),DRINK,COFFEE,,2200,REGULAR,10,False,False,False,True,False,False,False,False,False,False,True,True,True,False,False,True,True,False,True,"아이스 카페 라떼,음료",516,"에스프레소, 우유",,,0.0,0.0,0.0,2.5,2.2,2.0,우유,milk,False,False,True,False,False,False,False,False,False,False,False,"1회 제공량 기준 약 10kcal, 단백질 0.0g, 지방 0.0g, 탄수화물 2.5g, 당류 2.2g, 나트륨 2.0mg 정도의 영양 정보를 가지고 있습니다.",이 메뉴는 우유를(을) 함유하고 있어 알레르기가 있는 고객은 섭취에 주의가 필요합니다.
DR018,아이스 카페 라떼 (L),Iced Cafe Latte (L),DRINK,COFFEE,,2700,LARGE,10,False,False,False,True,False,False,False,False,False,False,True,True,True,False,False,True,True,False,True,"아이스 카페 라떼,음료",517,"에스프레소, 우유",,,0.0,0.0,0.0,2.5,2.2,2.0,우유,milk,False,False,True,False,False,False,False,False,False,False,False,"1회 제공량 기준 약 10kcal, 단백질 0.0g, 지방 0.0g, 탄수화물 2.5g, 당류 2.2g, 나트륨 2.0mg 정도의 영양 정보를 가지고 있습니다.",이 메뉴는 우유를(을) 함유하고 있어 알레르기가 있는 고객은 섭취에 주의가 필요합니다.
DR019,아이스 티 (R),Iced Tea (R),DRINK,JUICE,,2200,REGULAR,150,False,False,False,True,False,False,False,False,False,False,True,True,True,False,False,False,True,False,True,"아이스 티,음료",518,"홍차 추출액, 설탕, 레몬향",,,0.0,0.0,0.0,37.5,33.8,30.0,,,False,False,False,False,False,False,False,False,False,False,False,"1회 제공량 기준 약 150kcal, 단백질 0.0g, 지방 0.0g, 탄수화물 37.5g, 당류 33.8g, 나트륨 30.0mg 정도의 영양 정보를 가지고 있습니다.",이 메뉴에 대한 상세 알레르기 정보는 제한적으로 제공됩니다. 알레르기가 있다면 직원에게 다시 한 번 확인하는 것을 권장합니다.
DR020,아이스 티 (L),Iced Tea (L),DRINK,JUICE,,2700,LARGE,150,False,False,False,True,False,False,False,False,False,False,True,True,True,False,False,False,True,False,True,"아이스 티,음료",519,"홍차 추출액, 설탕, 레몬향",,,0.0,0.0,0.0,37.5,33.8,30.0,,,False,False,False,False,False,False,False,False,False,False,False,"1회 제공량 기준 약 150kcal, 단백질 0.0g, 지방 0.0g, 탄수화물 37.5g, 당류 33.8g, 나트륨 30.0mg 정도의 영양 정보를 가지고 있습니다.",이 메뉴에 대한 상세 알레르기 정보는 제한적으로 제공됩니다. 알레르기가 있다면 직원에게 다시 한 번 확인하는 것을 권장합니다.
DS001,소프트 아이스크림,Soft Ice Cream,DESSERT,ICE_CREAM,,2000,ONE_SIZE,190,False,False,False,False,True,False,False,False,False,False,False,True,True,False,False,False,True,False,True,"소프트 아이스크림,디저트",600,"우유, 생크림, 설탕, 바닐라향",,,7.1,7.4,2.5,23.8,7.1,95.0,우유,milk,False,False,True,False,False,False,False,False,False,False,False,"1회 제공량 기준 약 190kcal, 단백질 7.1g, 지방 7.4g, 탄수화물 23.8g, 당류 7.1g, 나트륨 95.0mg 정도의 영양 정보를 가지고 있습니다.",이 메뉴는 우유를(을) 함유하고 있어 알레르기가 있는 고객은 섭취에 주의가 필요합니다.
DS002,초코 선데,Choco Sundae,DESSERT,SUNDAE,,2700,ONE_SIZE,260,False,False,False,False,True,False,False,False,False,False,False,True,True,False,False,False,True,False,True,"초코 선데,디저트",601,"우유, 생크림, 설탕, 바닐라향",,,9.8,10.1,3.4,32.5,9.8,130.0,우유,milk,False,False,True,False,False,False,False,False,False,False,False,"1회 제공량 기준 약 260kcal, 단백질 9.8g, 지방 10.1g, 탄수화물 32.5g, 당류 9.8g, 나트륨 130.0mg 정도의 영양 정보를 가지고 있습니다.",이 메뉴는 우유를(을) 함유하고 있어 알레르기가 있는 고객은 섭취에 주의가 필요합니다.
DS003,애플 파이,Apple Pie,DESSERT,PASTRY,,2300,ONE_SIZE,230,False,False,False,False,True,False,False,False,False,False,False,False,True,False,False,False,True,False,True,"애플 파이,디저트",602,"밀가루, 버터, 사과 필링, 설탕, 계피",,,8.6,8.9,3.0,28.8,8.6,115.0,,,False,False,False,False,False,False,False,False,False,False,False,"1회 제공량 기준 약 230kcal, 단백질 8.6g, 지방 8.9g, 탄수화물 28.8g, 당류 8.6g, 나트륨 115.0mg 정도의 영양 정보를 가지고 있습니다.",이 메뉴에 대한 상세 알레르기 정보는 제한적으로 제공됩니다. 알레르기가 있다면 직원에게 다시 한 번 확인하는 것을 권장합니다.
DS004,딸기 선데,Strawberry Sundae,DESSERT,SUNDAE,,2700,ONE_SIZE,260,False,False,False,False,True,False,False,False,False,False,False,True,True,False,False,False,True,False,True,"딸기 선데,디저트",603,"우유, 생크림, 설탕, 바닐라향",,,9.8,10.1,3.4,32.5,9.8,130.0,우유,milk,False,False,True,False,False,False,False,False,False,False,False,"1회 제공량 기준 약 260kcal, 단백질 9.8g, 지방 10.1g, 탄수화물 32.5g, 당류 9.8g, 나트륨 130.0mg 정도의 영양 정보를 가지고 있습니다.",이 메뉴는 우유를(을) 함유하고 있어 알레르기가 있는 고객은 섭취에 주의가 필요합니다.
DS005,초코 브라우니,Chocolate Brownie,DESSERT,CAKE,,2900,ONE_SIZE,280,False,False,False,False,True,False,False,False,False,False,False,False,True,False,False,False,True,False,True,"초코 브라우니,디저트",604,"밀가루, 버터, 설탕, 코코아 파우더",,,10.5,10.9,3.6,35.0,10.5,140.0,,,False,False,False,False,False,False,False,False,False,False,False,"1회 제공량 기준 약 280kcal, 단백질 10.5g, 지방 10.9g, 탄수화물 35.0g, 당류 10.5g, 나트륨 140.0mg 정도의 영양 정보를 가지고 있습니다.",이 메뉴에 대한 상세 알레르기 정보는 제한적으로 제공됩니다. 알레르기가 있다면 직원에게 다시 한 번 확인하는 것을 권장합니다.
DS006,치즈 케이크,Cheesecake,DESSERT,CAKE,,3200,ONE_SIZE,300,False,False,False,False,True,False,False,False,False,False,False,False,True,False,False,False,True,False,True,"치즈 케이크,디저트",605,"크림치즈, 계란, 설탕, 쿠키 크러스트",,,11.2,11.7,3.9,37.5,11.2,150.0,"계란, 우유","egg, milk",False,True,True,False,False,False,False,False,False,False,False,"1회 제공량 기준 약 300kcal, 단백질 11.2g, 지방 11.7g, 탄수화물 37.5g, 당류 11.2g, 나트륨 150.0mg 정도의 영양 정보를 가지고 있습니다.","이 메뉴는 계란, 우유를(을) 함유하고 있어 알레르기가 있는 고객은 섭취에 주의가 필요합니다."
DS007,쿠키 2개,Cookies 2pcs,DESSERT,COOKIE,,2200,ONE_SIZE,260,False,False,False,False,True,False,False,False,False,False,False,False,True,False,False,False,True,False,True,"쿠키 2개,디저트",606,"밀가루, 버터, 설탕, 초콜릿칩",,,9.8,10.1,3.4,32.5,9.8,130.0,,,False,False,False,False,False,False,False,False,False,False,False,"1회 제공량 기준 약 260kcal, 단백질 9.8g, 지방 10.1g, 탄수화물 32.5g, 당류 9.8g, 나트륨 130.0mg 정도의 영양 정보를 가지고 있습니다.",이 메뉴에 대한 상세 알레르기 정보는 제한적으로 제공됩니다. 알레르기가 있다면 직원에게 다시 한 번 확인하는 것을 권장합니다.
DS008,아이스 초코,Iced Choco,DESSERT,DRINK_DESSERT,,3200,ONE_SIZE,330,False,False,False,False,True,False,False,False,False,False,False,False,True,False,False,False,True,False,True,"아이스 초코,디저트",607,"우유, 초코시럽, 얼음, 생크림",,,12.4,12.8,4.3,41.2,12.4,165.0,우유,milk,False,False,True,False,False,False,False,False,False,False,False,"1회 제공량 기준 약 330kcal, 단백질 12.4g, 지방 12.8g, 탄수화물 41.2g, 당류 12.4g, 나트륨 165.0mg 정도의 영양 정보를 가지고 있습니다.",이 메뉴는 우유를(을) 함유하고 있어 알레르기가 있는 고객은 섭취에 주의가 필요합니다.
DS009,밀크셰이크 바닐라,Vanilla Milkshake,DESSERT,SHAKE,,3500,ONE_SIZE,390,False,False,False,False,True,False,False,False,False,False,False,True,True,False,False,False,True,False,True,"밀크셰이크 바닐라,디저트",608,"우유, 생크림, 설탕, 바닐라향",,,14.6,15.2,5.1,48.8,14.6,195.0,우유,milk,False,False,True,False,False,False,False,False,False,False,False,"1회 제공량 기준 약 390kcal, 단백질 14.6g, 지방 15.2g, 탄수화물 48.8g, 당류 14.6g, 나트륨 195.0mg 정도의 영양 정보를 가지고 있습니다.",이 메뉴는 우유를(을) 함유하고 있어 알레르기가 있는 고객은 섭취에 주의가 필요합니다.
DS010,밀크셰이크 초코,Chocolate Milkshake,DESSERT,SHAKE,,3500,ONE_SIZE,420,False,False,False,False,True,False,False,False,False,False,False,True,True,False,False,False,True,False,True,"밀크셰이크 초코,디저트",609,"우유, 생크림, 설탕, 바닐라향",,,15.8,16.3,5.4,52.5,15.8,210.0,우유,milk,False,False,True,False,False,False,False,False,False,False,False,"1회 제공량 기준 약 420kcal, 단백질 15.8g, 지방 16.3g, 탄수화물 52.5g, 당류 15.8g, 나트륨 210.0mg 정도의 영양 정보를 가지고 있습니다.",이 메뉴는 우유를(을) 함유하고 있어 알레르기가 있는 고객은 섭취에 주의가 필요합니다.
